{
    "fields": [
        { "id": "a", "label": "REGION_NM", "type": "string" },
        { "id": "b", "label": "MON_YR", "type": "string" },
        { "id": "c", "label": "REGION", "type": "string" },
        { "id": "d", "label": "STATE", "type": "string" },
        { "id": "e", "label": "SECTOR", "type": "string" },
        { "id": "f", "label": "CATEGORY", "type": "string" },
        { "id": "g", "label": "FUEL", "type": "string" },
        { "id": "h", "label": "UTILITY", "type": "string" },
        { "id": "i", "label": "STATION", "type": "string" },
        { "id": "j", "label": "INST_CAP", "type": "string" },
        { "id": "k", "label": "PROGRAM_GENERATION", "type": "string" },
        { "id": "l", "label": "ACTUAL GENERATION", "type": "string" }
    ],

    "data": [
        ["REG1", "Mar-17", "NORTHERN", "HIMACHAL PRADESH", "PVT", "HYDRO", "HYDRO", "HBPCL", "BASPA  HPS", "300", "31", "25.06"],

        ["REG1", "Mar-17", "NORTHERN", "HIMACHAL PRADESH", "STATE", "HYDRO", "HYDRO", "HPSEB", "BASSI  HPS", "66", "18", "17.09"],
        ["REG1", "Mar-17", "NORTHERN", "UTTAR PRADESH", "STATE", "HYDRO", "HYDRO", "UPJVNL", "RIHAND  HPS", "300", "40", "33.61"],
        ["REG4", "Mar-17", "EASTERN", "ORISSA", "CENTRAL", "THERMAL", "COAL", "NTPC Ltd.", "TALCHER STPS", "3000", "1993", "2034.48"],
        ["REG1", "Mar-17", "NORTHERN", "UTTAR PRADESH", "CENTRAL", "THERMAL", "COAL", "NTPC Ltd.", "TANDA TPS", "440", "276", "288.9"],
        ["REG4", "Mar-17", "EASTERN", "JHARKHAND", "STATE", "THERMAL", "COAL", "TVNL", "TENUGHAT TPS", "420", "243", "126.03"],
        ["REG1", "Mar-17", "NORTHERN", "UTTARAKHAND", "STATE", "HYDRO", "HYDRO", "UJVNL", "KHODRI  HPS", "120", "31", "15.47"],
        ["REG5", "Mar-17", "NORTH EASTERN", "ASSAM", "STATE", "THERMAL", "NATURAL GAS", "APGPCL", "LAKWA GT", "142.2", "73", "75.28"],
        ["REG2", "Mar-17", "WESTERN", "GUJARAT", "STATE", "THERMAL", "COAL", "GMDCL", "AKRIMOTA LIG TPS", "250", "138", "140.47"],
        ["REG3", "Mar-17", "SOUTHERN", "TAMIL NADU", "STATE", "HYDRO", "HYDRO", "TNGDCL", "LOWER METTUR  HPS.", "120", "2", "0"],
        ["REG2", "Mar-17", "WESTERN", "MAHARASHTRA", "PVT", "HYDRO", "HYDRO", "TATA MAH.", "BHIRA   HPS", "150", "67", "22.36"],
        ["REG2", "Mar-17", "WESTERN", "GUJARAT", "STATE", "THERMAL", "COAL", "GSECL", "WANAKBORI TPS", "1470", "554", "550.43"],
        ["REG2", "Mar-17", "WESTERN", "MADHYA PRADESH", "STATE", "HYDRO", "HYDRO", "MPPGCL", "GANDHI SAGAR  HPS", "115", "25", "59.74"],
        ["REG1", "Mar-17", "NORTHERN", "PUNJAB", "STATE", "THERMAL", "COAL", "PSPCL", "GND TPS(BHATINDA)", "440", "55", "0"],
        ["REG3", "Mar-17", "SOUTHERN", "ANDHRA PRADESH", "STATE", "THERMAL", "NATURAL GAS", "APEPDCL", "JEGURUPADU PHASE I CCPP", "235.4", "0", "86"],
        ["REG4", "Mar-17", "EASTERN", "WEST BENGAL", "STATE", "HYDRO", "HYDRO", "WBSEDCL", "PURULIA PSS  HPS.", "900", "109", "88.16"],
        ["REG5", "Mar-17", "NORTH EASTERN", "ASSAM", "STATE", "THERMAL", "NATURAL GAS", "APGPCL", "NAMRUP CCPP", "181.25", "53", "31.95"],
        ["REG2", "Mar-17", "WESTERN", "MAHARASHTRA", "STATE", "THERMAL", "COAL", "MAHAGENCO", "NASIK TPS", "630", "344", "257.45"],
        ["REG2", "Mar-17", "WESTERN", "CHHATTISGARH", "PVT", "THERMAL", "COAL", "JPL", "OP JINDAL TPS", "1000", "398", "451.36"],
        ["REG2", "Mar-17", "WESTERN", "GUJARAT", "PVT", "THERMAL", "NATURAL GAS", "GPE CORP", "PEGUTHAN CCPP", "655", "25", "9.9"],
        ["REG4", "Mar-17", "EASTERN", "BIHAR", "STATE", "THERMAL", "COAL", "BSEB", "BARAUNI TPS", "210", "77", "19.93"],
        ["REG1", "Mar-17", "NORTHERN", "UTTARAKHAND", "STATE", "HYDRO", "HYDRO", "UJVNL", "RAMGANGA  HPS", "198", "49", "25.78"],
        ["REG5", "Mar-17", "NORTH EASTERN", "TRIPURA", "CENTRAL", "THERMAL", "NATURAL GAS", "ONGC", "TRIPURA CCPP", "726.6", "340", "415.6"],
        ["REG2", "Mar-17", "WESTERN", "MADHYA PRADESH", "PVT", "THERMAL", "COAL", "ESSARPMPL", "MAHAN TPP", "600", "0", "292.76"],
        ["REG1", "Mar-17", "NORTHERN", "PUNJAB", "PVT", "THERMAL", "COAL", "GPGSL (GVK)", "GOINDWAL SAHIB TPP", "540", "119", "0"],
        ["REG2", "Mar-17", "WESTERN", "CHHATTISGARH", "PVT", "THERMAL", "COAL", "DBPCL", "BARADARHA TPS", "1200", "297", "655.15"],
        ["REG3", "Mar-17", "SOUTHERN", "TAMIL NADU", "PVT", "THERMAL", "COAL", "IBPIL", "TUTICORIN (P) TPP", "300", "64", "0"],
        ["REG3", "Mar-17", "SOUTHERN", "ANDHRA PRADESH", "PVT", "THERMAL", "NATURAL GAS", "BSES(P)", "PEDDAPURAM CCPP", "220", "4", "0"],
        ["REG1", "Mar-17", "NORTHERN", "UTTAR PRADESH", "STATE", "HYDRO", "HYDRO", "UPJVNL", "KHARA  HPS", "72", "30", "7.56"],
        ["REG1", "Mar-17", "NORTHERN", "UTTAR PRADESH", "PVT", "THERMAL", "COAL", "LAPPL", "ANPARA C TPS", "1200", "754", "568.62"],
        ["REG2", "Mar-17", "WESTERN", "GUJARAT", "PVT", "THERMAL", "NATURAL GAS", "TOR. POW. (UNOSUGEN)", "DGEN MEGA CCPP", "1200", "0", "0"],
        ["REG3", "Mar-17", "SOUTHERN", "ANDHRA PRADESH", "PVT", "THERMAL", "COAL", "HNPC", "VIZAG TPP", "1040", "247", "505.83"],
        ["REG3", "Mar-17", "SOUTHERN", "KERALA", "STATE", "HYDRO", "HYDRO", "KSEB", "LOWER PERIYAR  HPS.", "180", "16", "8.94"],
        ["REG3", "Mar-17", "SOUTHERN", "TAMIL NADU", "STATE", "HYDRO", "HYDRO", "TNGDCL", "PARSON`S VALLEY  HPS.", "30", "3", "6.41"],
        ["REG2", "Mar-17", "WESTERN", "GUJARAT", "STATE", "HYDRO", "HYDRO", "GSECL", "KADANA  HPS", "240", "3", "6"],
        ["REG1", "Mar-17", "NORTHERN", "DELHI", "STATE", "THERMAL", "NATURAL GAS", "IPGPCL", "PRAGATI CCGT-III", "1500", "176", "213.14"],
        ["REG2", "Mar-17", "WESTERN", "CHHATTISGARH", "PVT", "THERMAL", "COAL", "BALCO", "BALCO TPS", "600", "120", "318.68"],
        ["REG1", "Mar-17", "NORTHERN", "RAJASTHAN", "CENTRAL", "NUCLEAR", "NUCLEAR", "DAE", "DAE (RAJASTHAN)", "100", "0", "0"],
        ["REG4", "Mar-17", "EASTERN", "JHARKHAND", "PVT", "THERMAL", "COAL", "ADHUNIK", "MAHADEV PRASAD STPP", "540", "182", "222.61"],
        ["REG4", "Mar-17", "EASTERN", "BIHAR", "CENTRAL", "THERMAL", "COAL", "NTPC Ltd.", "BARH II", "1320", "579", "752.28"],
        ["REG3", "Mar-17", "SOUTHERN", "KARNATAKA", "STATE", "THERMAL", "COAL", "KPCL", "YERMARUS TPP", "1600", "445", "133.87"],
        ["REG1", "Mar-17", "NORTHERN", "UTTAR PRADESH", "PVT", "THERMAL", "COAL", "LPGCL", "LALITPUR TPS", "1980", "514", "737.04"],
        ["REG3", "Mar-17", "SOUTHERN", "KERALA", "PVT", "THERMAL", "NATURAL GAS", "BSES(C)", "COCHIN CCPP (Liq.)", "174", "0", "0"],
        ["REG5", "Mar-17", "NORTH EASTERN", "NAGALAND", "CENTRAL", "HYDRO", "HYDRO", "NEEPCO.", "DOYANG  HPS.", "75", "5", "4.37"],
        ["REG1", "Mar-17", "NORTHERN", "JAMMU AND KASHMIR", "CENTRAL", "HYDRO", "HYDRO", "NHPC", "DULHASTI  HPS", "390", "101", "100.49"],
        ["REG2", "Mar-17", "WESTERN", "MADHYA PRADESH", "STATE", "HYDRO", "HYDRO", "MPPGCL", "BARGI  HPS", "90", "39", "24.22"],
        ["REG2", "Mar-17", "WESTERN", "GUJARAT", "PVT", "THERMAL", "COAL", "APL", "MUNDRA TPS", "4620", "2684", "2168.01"],
        ["REG3", "Mar-17", "SOUTHERN", "TAMIL NADU", "PVT", "THERMAL", "DIESEL", "VASAVI", "B. BRIDGE D.G", "200", "0", "0"],
        ["REG3", "Mar-17", "SOUTHERN", "KARNATAKA", "STATE", "HYDRO", "HYDRO", "KPCL", "KADRA  HPS", "150", "24", "23.98"],
        ["REG2", "Mar-17", "WESTERN", "GUJARAT", "STATE", "THERMAL", "COAL", "GSECL", "UKAI TPS", "1350", "528", "428.47"],
        ["REG3", "Mar-17", "SOUTHERN", "KARNATAKA", "STATE", "HYDRO", "HYDRO", "KPCL", "T B   DAM  HPS", "36", "0", "0"],
        ["REG3", "Mar-17", "SOUTHERN", "TAMIL NADU", "CENTRAL", "NUCLEAR", "NUCLEAR", "NPCIL", "KUDANKULAM", "2000", "607", "850.36"],
        ["REG2", "Mar-17", "WESTERN", "CHHATTISGARH", "PVT", "THERMAL", "COAL", "VESPL", "KATGHORA TPP", "35", "0", "0"],
        ["REG2", "Mar-17", "WESTERN", "MAHARASHTRA", "PVT", "THERMAL", "COAL", "AMNEPL", "MIHAN TPS", "246", "0", "0"],
        ["REG1", "Mar-17", "NORTHERN", "UTTARAKHAND", "PVT", "THERMAL", "NATURAL GAS", "SrEPL", "KASHIPUR CCPP", "225", "0", "109.79"],
        ["REG3", "Mar-17", "SOUTHERN", "KARNATAKA", "CENTRAL", "THERMAL", "COAL", "NTPC Ltd.", "KUDGI STPP", "1600", "178", "25.49"],
        ["REG3", "Mar-17", "SOUTHERN", "TAMIL NADU", "PVT", "THERMAL", "DIESEL", "MADURAI P", "SAMAYANALLUR DG", "106.001", "2", "0"],
        ["REG2", "Mar-17", "WESTERN", "MADHYA PRADESH", "STATE", "THERMAL", "COAL", "MPPGCL", "SATPURA TPS", "1330", "487", "363.21"],
        ["REG1", "Mar-17", "NORTHERN", "UTTAR PRADESH", "STATE", "HYDRO", "HYDRO", "UPJVNL", "OBRA  HPS", "99", "15", "12.84"],
        ["REG3", "Mar-17", "SOUTHERN", "ANDHRA PRADESH", "CENTRAL", "THERMAL", "COAL", "NTPC Ltd.", "SIMHADRI", "2000", "1299", "1299.2"],
        ["REG1", "Mar-17", "NORTHERN", "UTTAR PRADESH", "CENTRAL", "THERMAL", "COAL", "NTPC Ltd.", "SINGRAULI STPS", "2000", "1375", "1378.07"],
        ["REG2", "Mar-17", "WESTERN", "CHHATTISGARH", "CENTRAL", "THERMAL", "COAL", "NTPC Ltd.", "SIPAT STPS", "2980", "1570", "2204.69"],
        ["REG2", "Mar-17", "WESTERN", "GUJARAT", "PVT", "THERMAL", "NATURAL GAS", "TOR. POW. (SUGEN)", "SUGEN CCPP", "1147.5", "207", "247.12"],
        ["REG3", "Mar-17", "SOUTHERN", "KERALA", "STATE", "THERMAL", "DIESEL", "KSEB", "KOZHIKODE DG", "96", "6", "0.76"],
        ["REG3", "Mar-17", "SOUTHERN", "ANDHRA PRADESH", "PVT", "THERMAL", "NATURAL GAS", "KONDAPALI", "KONDAPALLI CCPP", "350", "51", "102.86"],
        ["REG1", "Mar-17", "NORTHERN", "RAJASTHAN", "STATE", "THERMAL", "COAL", "RRVUNL", "KOTA TPS", "1240", "720", "418.19"],
        ["REG3", "Mar-17", "SOUTHERN", "TELANGANA", "STATE", "THERMAL", "COAL", "TSGENCO", "KOTHAGUDEM TPS", "720", "388", "419.45"],
        ["REG4", "Mar-17", "EASTERN", "ORISSA", "STATE", "HYDRO", "HYDRO", "OHPC", "BALIMELA  HPS.", "510", "74", "152.54"],
        ["REG3", "Mar-17", "SOUTHERN", "KARNATAKA", "STATE", "HYDRO", "HYDRO", "KPCL", "LIGANAMAKKI  HPS", "55", "28", "20"],
        ["REG4", "Mar-17", "EASTERN", "ORISSA", "STATE", "HYDRO", "HYDRO", "OHPC", "MACHKUND  HPS", "114.75", "39", "68.66"],
        ["REG3", "Mar-17", "SOUTHERN", "TAMIL NADU", "STATE", "HYDRO", "HYDRO", "TNGDCL", "SHOLAYAR  HPS.", "95", "4", "0"],
        ["REG1", "Mar-17", "NORTHERN", "UTTAR PRADESH", "STATE", "THERMAL", "COAL", "UPRVUNL", "ANPARA TPS", "2630", "1491", "1752.96"],
        ["REG2", "Mar-17", "WESTERN", "GUJARAT", "STATE", "HYDRO", "HYDRO", "GSECL", "UKAI  HPS", "300", "43", "60.92"],
        ["REG1", "Mar-17", "NORTHERN", "UTTAR PRADESH", "STATE", "HYDRO", "HYDRO", "UPJVNL", "MATATILA  HPS", "30.6", "4", "6.04"],
        ["REG3", "Mar-17", "SOUTHERN", "TAMIL NADU", "STATE", "HYDRO", "HYDRO", "TNGDCL", "MOYAR  HPS", "36", "7", "3.59"],
        ["REG3", "Mar-17", "SOUTHERN", "KERALA", "STATE", "HYDRO", "HYDRO", "KSEB", "NARIAMANGLAM  HPS", "70", "16", "7.6"],
        ["REG3", "Mar-17", "SOUTHERN", "TAMIL NADU", "PVT", "THERMAL", "NATURAL GAS", "PPNPGCL", "P.NALLUR CCPP", "330.5", "4", "0"],
        ["REG1", "Mar-17", "NORTHERN", "UTTAR PRADESH", "STATE", "THERMAL", "COAL", "UPRVUNL", "PANKI TPS", "210", "90", "7.14"],
        ["REG2", "Mar-17", "WESTERN", "MAHARASHTRA", "STATE", "THERMAL", "COAL", "MAHAGENCO", "PARAS TPS", "500", "280", "237.3"],
        ["REG1", "Mar-17", "NORTHERN", "DELHI", "STATE", "THERMAL", "NATURAL GAS", "IPGPCL", "PRAGATI CCPP", "330.4", "177", "93.51"],
        ["REG3", "Mar-17", "SOUTHERN", "TAMIL NADU", "STATE", "HYDRO", "HYDRO", "TNGDCL", "PYKARA ULTMATE  HPS.", "150", "27", "12.56"],
        ["REG3", "Mar-17", "SOUTHERN", "ANDHRA PRADESH", "STATE", "THERMAL", "COAL", "APGENCO", "RAYALASEEMA TPS", "1050", "638", "660.24"],
        ["REG1", "Mar-17", "NORTHERN", "PUNJAB", "STATE", "THERMAL", "COAL", "PSPCL", "ROPAR TPS", "1260", "226", "21.36"],
        ["REG1", "Mar-17", "NORTHERN", "PUNJAB", "CENTRAL", "HYDRO", "HYDRO", "BBMB", "BHAKRA H  P S", "1325", "329", "269.83"],
        ["REG2", "Mar-17", "WESTERN", "MAHARASHTRA", "PVT", "THERMAL", "COAL", "TATA PCL", "TROMBAY TPS", "1250", "518", "453.26"],
        ["REG5", "Mar-17", "NORTH EASTERN", "MEGHALAYA", "STATE", "HYDRO", "HYDRO", "MeECL", "UMIAM  HPS ST-I", "36", "6", "3.07"],
        ["REG2", "Mar-17", "WESTERN", "GUJARAT", "STATE", "THERMAL", "NATURAL GAS", "GSECL", "UTRAN CCPP", "518", "0", "20.47"],
        ["REG2", "Mar-17", "WESTERN", "MAHARASHTRA", "PVT", "THERMAL", "COAL", "DIPL", "DHARIWAL TPP", "600", "93", "134.67"],
        ["REG4", "Mar-17", "EASTERN", "ORISSA", "PVT", "THERMAL", "COAL", "IBPIL", "UTKAL TPP(IND BARATH)", "350", "257", "0"],
        ["REG4", "Mar-17", "EASTERN", "BIHAR", "CENTRAL", "THERMAL", "COAL", "NTPC Ltd.", "KAHALGAON TPS", "2340", "1386", "1499.39"],
        ["REG5", "Mar-17", "NORTH EASTERN", "MEGHALAYA", "STATE", "HYDRO", "HYDRO", "MeECL", "MYNTDU(LESHKA) St-1 HPS", "126", "5", "12.81"],
        ["REG1", "Mar-17", "NORTHERN", "HARYANA", "STATE", "THERMAL", "COAL", "HPGCL", "RAJIV GANDHI TPS", "1200", "450", "47.85"],
        ["REG1", "Mar-17", "NORTHERN", "UTTAR PRADESH", "PVT", "THERMAL", "COAL", "RPSCL", "ROSA TPP Ph-I", "1200", "737", "331.4"],
        ["REG1", "Mar-17", "NORTHERN", "PUNJAB", "PVT", "THERMAL", "COAL", "NPL", "RAJPURA TPP", "1400", "660", "818.06"],
        ["REG2", "Mar-17", "WESTERN", "CHHATTISGARH", "PVT", "THERMAL", "COAL", "ACB", "SWASTIK KORBA TPP", "25", "0", "0"],
        ["REG3", "Mar-17", "SOUTHERN", "TAMIL NADU", "STATE", "HYDRO", "HYDRO", "TNGDCL", "KADAMPARI  HPS.", "400", "30", "33.08"],
        ["REG1", "Mar-17", "NORTHERN", "UTTAR PRADESH", "CENTRAL", "THERMAL", "NATURAL GAS", "NTPC Ltd.", "AURAIYA CCPP", "663.36", "147", "63.62"],
        ["REG1", "Mar-17", "NORTHERN", "UTTAR PRADESH", "PVT", "THERMAL", "COAL", "BEPL", "BARKHERA TPS", "90", "30", "1"],
        ["REG2", "Mar-17", "WESTERN", "MAHARASHTRA", "CENTRAL", "THERMAL", "COAL", "NTPC Ltd.", "MAUDA TPS", "2320", "268", "868.73"],
        ["REG4", "Mar-17", "EASTERN", "WEST BENGAL", "CENTRAL", "THERMAL", "COAL", "DVC", "DURGAPUR STEEL TPS", "1000", "498", "604.03"],
        ["REG3", "Mar-17", "SOUTHERN", "TAMIL NADU", "CENTRAL", "THERMAL", "COAL", "NTPL", "TUTICORIN (JV) TPP", "1000", "629", "563.22"],
        ["REG2", "Mar-17", "WESTERN", "CHHATTISGARH", "PVT", "THERMAL", "COAL", "ACB", "CHAKABURA TPP", "30", "17", "19.2"],
        ["REG4", "Mar-17", "EASTERN", "JHARKHAND", "PVT", "THERMAL", "COAL", "MPL", "MAITHON RB TPP", "1050", "601", "619.94"],
        ["REG2", "Mar-17", "WESTERN", "GUJARAT", "PVT", "THERMAL", "NATURAL GAS", "GIPCL", "GIPCL. GT IMP", "0", "14", "23.41"],
        ["REG3", "Mar-17", "SOUTHERN", "ANDHRA PRADESH", "PVT", "THERMAL", "COAL", "MEL", "THAMMINAPATNAM TPS", "300", "150", "159.09"],
        ["REG2", "Mar-17", "WESTERN", "MAHARASHTRA", "PVT", "THERMAL", "COAL", "RattanIndia", "NASIK (P) TPS", "540", "0", "0"],
        ["REG2", "Mar-17", "WESTERN", "CHHATTISGARH", "PVT", "THERMAL", "COAL", "GCEL", "RAIKHEDA TPP", "1370", "212", "209.49"],
        ["REG5", "Mar-17", "NORTH EASTERN", "ASSAM", "CENTRAL", "THERMAL", "COAL", "NTPC Ltd.", "BONGAIGAON TPP", "500", "93", "163.92"],
        ["REG2", "Mar-17", "WESTERN", "MAHARASHTRA", "STATE", "HYDRO", "HYDRO", "MAHAGENCO", "GHATGHAR  PSS  HPS", "250", "35", "20.05"],
        ["REG1", "Mar-17", "NORTHERN", "HIMACHAL PRADESH", "PVT", "HYDRO", "HYDRO", "ADHPL", "ALLAIN DUHANGAN  HPS", "192", "13", "14.45"],
        ["REG3", "Mar-17", "SOUTHERN", "ANDHRA PRADESH", "PVT", "THERMAL", "NATURAL GAS", "KONDAPALI", "KONDAPALLI  EXTN CCPP .", "366", "0", "0"],
        ["REG1", "Mar-17", "NORTHERN", "RAJASTHAN", "STATE", "HYDRO", "HYDRO", "RRVUNL", "R P SAGAR  HPS", "172", "35", "44.32"],
        ["REG4", "Mar-17", "EASTERN", "ORISSA", "STATE", "HYDRO", "HYDRO", "OHPC", "UPPER  INDRAVATI  HPS.", "600", "186", "173.42"],
        ["REG2", "Mar-17", "WESTERN", "GUJARAT", "CENTRAL", "THERMAL", "NATURAL GAS", "NTPC Ltd.", "KAWAS CCPP", "656.2", "140", "210.39"],
        ["REG2", "Mar-17", "WESTERN", "MAHARASHTRA", "STATE", "THERMAL", "COAL", "MAHAGENCO", "KHAPARKHEDA TPS", "1340", "665", "539.83"],
        ["REG2", "Mar-17", "WESTERN", "MAHARASHTRA", "STATE", "HYDRO", "HYDRO", "MAHAGENCO", "KOYNA-III  HPS", "320", "59", "50.91"],
        ["REG3", "Mar-17", "SOUTHERN", "KARNATAKA", "PVT", "THERMAL", "COAL", "JSWEL", "TORANGALLU TPS(SBU-II)", "600", "387", "382.88"],
        ["REG3", "Mar-17", "SOUTHERN", "TAMIL NADU", "CENTRAL", "THERMAL", "COAL", "NTECL", "VALLUR TPP", "1500", "771", "950.53"],
        ["REG3", "Mar-17", "SOUTHERN", "ANDHRA PRADESH", "STATE", "HYDRO", "HYDRO", "APGENCO", "NAGARJUN SGR RBC EXTN. HPS", "0", "0", "0"],
        ["REG2", "Mar-17", "WESTERN", "CHHATTISGARH", "PVT", "THERMAL", "COAL", "VVL", "SALORA TPP", "135", "0", "0"],
        ["REG3", "Mar-17", "SOUTHERN", "ANDHRA PRADESH", "PVT", "THERMAL", "NATURAL GAS", "GREL", "GREL CCPP (Rajahmundry)", "768", "0", "0"],
        ["REG3", "Mar-17", "SOUTHERN", "TAMIL NADU", "CENTRAL", "THERMAL", "LIGNITE", "NLC", "NEYVELI NEW TPP", "0", "NA", "0"],
        ["REG1", "Mar-17", "NORTHERN", "UTTARAKHAND", "CENTRAL", "HYDRO", "HYDRO", "THDC", "TEHRI ST-1  HPS", "1000", "242", "221.86"],
        ["REG1", "Mar-17", "NORTHERN", "UTTARAKHAND", "PVT", "HYDRO", "HYDRO", "JPPVL", "VISHNU PRAYAG  HPS", "400", "56", "52.28"],
        ["REG1", "Mar-17", "NORTHERN", "UTTAR PRADESH", "STATE", "THERMAL", "COAL", "UPRVUNL", "PARICHHA TPS", "1140", "657", "245.82"],
        ["REG4", "Mar-17", "EASTERN", "WEST BENGAL", "PVT", "THERMAL", "COAL", "CESC", "SOUTHERN REPL. TPS", "135", "51", "29.36"],
        ["REG2", "Mar-17", "WESTERN", "GUJARAT", "PVT", "THERMAL", "COAL", "GIPCL", "SURAT LIG. TPS", "500", "313", "297.22"],
        ["REG3", "Mar-17", "SOUTHERN", "TAMIL NADU", "STATE", "HYDRO", "HYDRO", "TNGDCL", "SURULIYAR  HPS.", "35", "4", "3.76"],
        ["REG3", "Mar-17", "SOUTHERN", "KARNATAKA", "STATE", "THERMAL", "COAL", "KPCL", "BELLARY TPS", "1700", "834", "303.01"],
        ["REG2", "Mar-17", "WESTERN", "MAHARASHTRA", "CENTRAL", "NUCLEAR", "NUCLEAR", "NPCIL", "TARAPUR", "1400", "897", "1025.98"],
        ["REG2", "Mar-17", "WESTERN", "MAHARASHTRA", "STATE", "HYDRO", "HYDRO", "MAHAGENCO", "TILLARI  HPS", "60", "10", "7.52"],
        ["REG1", "Mar-17", "NORTHERN", "UTTARAKHAND", "STATE", "HYDRO", "HYDRO", "UJVNL", "KHATIMA  HPS", "41.4", "9", "11.97"],
        ["REG3", "Mar-17", "SOUTHERN", "ANDHRA PRADESH", "PVT", "THERMAL", "NATURAL GAS", "KONA", "KONASEEMA CCPP", "445", "0", "0"],
        ["REG5", "Mar-17", "NORTH EASTERN", "ASSAM", "CENTRAL", "HYDRO", "HYDRO", "NEEPCO.", "KOPILI  HPS.", "225", "64", "48.86"],
        ["REG5", "Mar-17", "NORTH EASTERN", "MEGHALAYA", "STATE", "HYDRO", "HYDRO", "MeECL", "KYRDEMKULAI  HPS.", "60", "7", "2.12"],
        ["REG1", "Mar-17", "NORTHERN", "UTTARAKHAND", "STATE", "HYDRO", "HYDRO", "UJVNL", "MANERI BHALI - II  HPS", "304", "49", "42.8"],
        ["REG2", "Mar-17", "WESTERN", "MAHARASHTRA", "STATE", "HYDRO", "HYDRO", "MAHAGENCO", "VAITARNA  HPS", "60", "27", "37.38"],
        ["REG2", "Mar-17", "WESTERN", "CHHATTISGARH", "CENTRAL", "THERMAL", "COAL", "NSPCL", "BHILAI TPS", "500", "330", "324.61"],
        ["REG4", "Mar-17", "EASTERN", "WEST BENGAL", "STATE", "THERMAL", "NATURAL GAS", "WBPDC", "HALDIA GT (Liq.)", "40", "0", "0"],
        ["REG3", "Mar-17", "SOUTHERN", "KARNATAKA", "STATE", "HYDRO", "HYDRO", "KPCL", "HAMPI  HPS", "36", "13", "0"],
        ["REG4", "Mar-17", "EASTERN", "WEST BENGAL", "STATE", "HYDRO", "HYDRO", "WBSEDCL", "JALDHAKA  HPS ST-I", "36", "6", "9.41"],
        ["REG3", "Mar-17", "SOUTHERN", "ANDHRA PRADESH", "STATE", "HYDRO", "HYDRO", "APGENCO", "NAGARJUN SGR RBC   HPS", "90", "4", "0"],
        ["REG3", "Mar-17", "SOUTHERN", "TELANGANA", "STATE", "HYDRO", "HYDRO", "TSGENCO", "NAGARJUN SGR  HPS", "815.6", "90", "12.56"],
        ["REG1", "Mar-17", "NORTHERN", "HIMACHAL PRADESH", "CENTRAL", "HYDRO", "HYDRO", "SJVNL", "NATHPA JHAKRI HPS", "1500", "226", "208.84"],
        ["REG3", "Mar-17", "SOUTHERN", "TAMIL NADU", "STATE", "THERMAL", "COAL", "TNGDCL", "NORTH CHENNAI TPS", "1830", "996", "1077.06"],
        ["REG1", "Mar-17", "NORTHERN", "JAMMU AND KASHMIR", "STATE", "THERMAL", "NATURAL GAS", "JKSPDC", "PAMPORE GPS (Liq.)", "175", "0", "0"],
        ["REG3", "Mar-17", "SOUTHERN", "TELANGANA", "STATE", "HYDRO", "HYDRO", "TSGENCO", "POCHAMPAD  HPS", "27", "4", "9.18"],
        ["REG1", "Mar-17", "NORTHERN", "PUNJAB", "CENTRAL", "HYDRO", "HYDRO", "BBMB", "PONG H P S", "396", "62", "95.66"],
        ["REG1", "Mar-17", "NORTHERN", "RAJASTHAN", "CENTRAL", "NUCLEAR", "NUCLEAR", "NPCIL", "RAJASTHAN  A.P.S.", "1080", "682", "748.16"],
        ["REG3", "Mar-17", "SOUTHERN", "TELANGANA", "CENTRAL", "THERMAL", "COAL", "NTPC Ltd.", "RAMAGUNDEM STPS", "2600", "1780", "1843.09"],
        ["REG4", "Mar-17", "EASTERN", "WEST BENGAL", "STATE", "HYDRO", "HYDRO", "WBSEDCL", "RAMMAM  HPS.", "50", "8", "8.85"],
        ["REG3", "Mar-17", "SOUTHERN", "TAMIL NADU", "STATE", "THERMAL", "NATURAL GAS", "TNGDCL", "BASIN BRIDGE GT (Liq.)", "120", "0", "0.43"],
        ["REG4", "Mar-17", "EASTERN", "ORISSA", "STATE", "HYDRO", "HYDRO", "OHPC", "UPPER KOLAB  HPS.", "320", "59", "81.92"],
        ["REG1", "Mar-17", "NORTHERN", "HIMACHAL PRADESH", "CENTRAL", "HYDRO", "HYDRO", "SJVNL", "RAMPUR HPS", "412.02", "65", "55.21"],
        ["REG3", "Mar-17", "SOUTHERN", "KERALA", "STATE", "HYDRO", "HYDRO", "KSEB", "KUTTIYADI ADDL. EXTN. HPS", "100", "NA", "0.73"],
        ["REG4", "Mar-17", "EASTERN", "ORISSA", "STATE", "THERMAL", "COAL", "OPGC", "IB VALLEY TPS", "420", "282", "289.94"],
        ["REG1", "Mar-17", "NORTHERN", "UTTAR PRADESH", "PVT", "THERMAL", "COAL", "PPGCL (Jaypee)", "PRAYAGRAJ TPP", "1320", "320", "552.84"],
        ["REG2", "Mar-17", "WESTERN", "CHHATTISGARH", "PVT", "THERMAL", "COAL", "SKS", "BINJKOTE TPP", "0", "70", "0"],
        ["REG2", "Mar-17", "WESTERN", "CHHATTISGARH", "PVT", "THERMAL", "COAL", "RKMPPL", "UCHPINDA TPP", "720", "204", "32.98"],
        ["REG1", "Mar-17", "NORTHERN", "HIMACHAL PRADESH", "CENTRAL", "HYDRO", "HYDRO", "NHPC", "CHAMERA-III HPS", "231", "58", "0"],
        ["REG4", "Mar-17", "EASTERN", "SIKKIM", "PVT", "HYDRO", "HYDRO", "GISL", "CHUZACHEN HPS", "99", "12", "11.1"],
        ["REG5", "Mar-17", "NORTH EASTERN", "TRIPURA", "CENTRAL", "THERMAL", "NATURAL GAS", "NEEPCO.", "MONARCHAK CCPP", "101", "42", "45.87"],
        ["REG2", "Mar-17", "WESTERN", "MAHARASHTRA", "PVT", "THERMAL", "COAL", "RattanIndia", "AMARAVATI TPS", "1350", "641", "96.87"],
        ["REG2", "Mar-17", "WESTERN", "MADHYA PRADESH", "PVT", "THERMAL", "COAL", "MBPMPL", "ANUPPUR TPP", "1200", "421", "326.79"],
        ["REG2", "Mar-17", "WESTERN", "MADHYA PRADESH", "STATE", "THERMAL", "COAL", "MPPGCL", "AMARKANTAK EXT TPS", "210", "146", "148.13"],
        ["REG1", "Mar-17", "NORTHERN", "UTTARAKHAND", "STATE", "HYDRO", "HYDRO", "UJVNL", "CHILLA  HPS", "144", "62", "59.22"],
        ["REG4", "Mar-17", "EASTERN", "WEST BENGAL", "STATE", "THERMAL", "COAL", "DPL", "D.P.L. TPS", "660", "176", "183.62"],
        ["REG1", "Mar-17", "NORTHERN", "UTTAR PRADESH", "CENTRAL", "THERMAL", "COAL", "NTPC Ltd.", "DADRI (NCTPP)", "1820", "792", "483.54"],
        ["REG1", "Mar-17", "NORTHERN", "UTTARAKHAND", "STATE", "HYDRO", "HYDRO", "UJVNL", "DHAKRANI  HPS", "33.75", "12", "3.19"],
        ["REG2", "Mar-17", "WESTERN", "CHHATTISGARH", "PVT", "THERMAL", "COAL", "LANCO", "PATHADI TPP", "600", "298", "415.18"],
        ["REG3", "Mar-17", "SOUTHERN", "KARNATAKA", "STATE", "HYDRO", "HYDRO", "KPCL", "VARAHI  HPS", "460", "95", "79.08"],
        ["REG2", "Mar-17", "WESTERN", "GUJARAT", "CENTRAL", "NUCLEAR", "NUCLEAR", "NPCIL", "KAKRAPARA", "440", "280", "0"],
        ["REG5", "Mar-17", "NORTH EASTERN", "ASSAM", "STATE", "HYDRO", "HYDRO", "APGPCL", "KARBI LANGPI  HPS.", "100", "6", "11.75"],
        ["REG1", "Mar-17", "NORTHERN", "UTTAR PRADESH", "STATE", "THERMAL", "COAL", "UPRVUNL", "OBRA TPS", "1278", "470", "437.07"],
        ["REG4", "Mar-17", "EASTERN", "JHARKHAND", "PVT", "THERMAL", "COAL", "TATA PCL", "JOJOBERA TPS", "360", "217", "100.92"],
        ["REG3", "Mar-17", "SOUTHERN", "TAMIL NADU", "STATE", "THERMAL", "NATURAL GAS", "TNGDCL", "KOVIKALPAL CCPP", "107.88", "32", "22.98"],
        ["REG1", "Mar-17", "NORTHERN", "DELHI", "PVT", "THERMAL", "NATURAL GAS", "NDPL", "RITHALA CCPP", "108", "0", "0"],
        ["REG5", "Mar-17", "NORTH EASTERN", "TRIPURA", "CENTRAL", "THERMAL", "NATURAL GAS", "NEEPCO.", "AGARTALA GT", "135", "77", "71.63"],
        ["REG3", "Mar-17", "SOUTHERN", "TELANGANA", "STATE", "THERMAL", "COAL", "TSGENCO", "KOTHAGUDEM TPS (NEW)", "1000", "590", "706.15"],
        ["REG4", "Mar-17", "EASTERN", "SIKKIM", "CENTRAL", "HYDRO", "HYDRO", "NHPC", "TEESTA V HPS", "510", "105", "121.1"],
        ["REG3", "Mar-17", "SOUTHERN", "KERALA", "STATE", "HYDRO", "HYDRO", "KSEB", "PANNIAR  HPS.", "30", "11", "0.54"],
        ["REG1", "Mar-17", "NORTHERN", "JAMMU AND KASHMIR", "CENTRAL", "HYDRO", "HYDRO", "NHPC", "CHUTAK HPS", "44", "4", "3.69"],
        ["REG3", "Mar-17", "SOUTHERN", "TELANGANA", "STATE", "HYDRO", "HYDRO", "TSGENCO", "LOWER JURALA HPS", "240", "2", "0"],
        ["REG3", "Mar-17", "SOUTHERN", "TELANGANA", "STATE", "HYDRO", "HYDRO", "TSGENCO", "PULICHINTALA HPS", "30", "2", "0"],
        ["REG4", "Mar-17", "EASTERN", "JHARKHAND", "CENTRAL", "THERMAL", "COAL", "DVC", "KODARMA TPP", "1000", "298", "322.23"],
        ["REG2", "Mar-17", "WESTERN", "CHHATTISGARH", "PVT", "THERMAL", "COAL", "SVPPL", "SVPL TPP", "63", "8", "37.43"],
        ["REG2", "Mar-17", "WESTERN", "GUJARAT", "PVT", "THERMAL", "COAL", "CGPL", "MUNDRA UMTPP", "4000", "2422", "2914.52"],
        ["REG1", "Mar-17", "NORTHERN", "JAMMU AND KASHMIR", "STATE", "HYDRO", "HYDRO", "JKSPDC", "BAGLIHAR II  HPS", "450", "0", "37.04"],
        ["REG3", "Mar-17", "SOUTHERN", "ANDHRA PRADESH", "PVT", "THERMAL", "NATURAL GAS", "KONDAPALI", "KONDAPALLI ST-3 CCPP", "742", "42", "0"],
        ["REG1", "Mar-17", "NORTHERN", "UTTARAKHAND", "PVT", "THERMAL", "NATURAL GAS", "GIPL", "GAMA CCPP", "225", "0", "70.99"],
        ["REG4", "Mar-17", "EASTERN", "BIHAR", "CENTRAL", "THERMAL", "COAL", "NTPC Ltd.", "BARH I", "0", "NA", "0"],
        ["REG5", "Mar-17", "NORTH EASTERN", "ARUNACHAL PRADESH", "CENTRAL", "HYDRO", "HYDRO", "NEEPCO.", "PARE HPS", "0", "27", "0"],
        ["REG1", "Mar-17", "NORTHERN", "HIMACHAL PRADESH", "STATE", "HYDRO", "HYDRO", "HPPCL", "SAINJ HPS", "0", "10", "0"],
        ["REG4", "Mar-17", "EASTERN", "SIKKIM", "PVT", "HYDRO", "HYDRO", "DEPL", "TASHIDING HPS", "0", "10", "0"],
        ["REG1", "Mar-17", "NORTHERN", "UTTAR PRADESH", "CENTRAL", "THERMAL", "COAL", "MUNPL", "MEJA STPP", "0", "NA", "0"],
        ["REG4", "Mar-17", "EASTERN", "WEST BENGAL", "STATE", "THERMAL", "COAL", "WBPDC", "SANTALDIH TPS", "500", "316", "356.03"],
        ["REG3", "Mar-17", "SOUTHERN", "KARNATAKA", "PVT", "THERMAL", "DIESEL", "TATA PCL", "BELGAUM DG", "81.3", "0", "0"],
        ["REG3", "Mar-17", "SOUTHERN", "KARNATAKA", "PVT", "THERMAL", "DIESEL", "BELLARY", "BELLARY DG", "25.2", "0", "0"],
        ["REG1", "Mar-17", "NORTHERN", "PUNJAB", "CENTRAL", "HYDRO", "HYDRO", "BBMB", "KOTLA  HPS", "77.65", "36", "38.77"],
        ["REG1", "Mar-17", "NORTHERN", "UTTARAKHAND", "STATE", "HYDRO", "HYDRO", "UJVNL", "KULHAL  HPS", "30", "13", "3.85"],
        ["REG1", "Mar-17", "NORTHERN", "RAJASTHAN", "STATE", "HYDRO", "HYDRO", "RRVUNL", "MAHI BAJAJ  HPS", "140", "23", "22.62"],
        ["REG1", "Mar-17", "NORTHERN", "UTTARAKHAND", "STATE", "HYDRO", "HYDRO", "UJVNL", "MANERI BHALI - I  HPS", "90", "24", "21.04"],
        ["REG1", "Mar-17", "NORTHERN", "PUNJAB", "CENTRAL", "HYDRO", "HYDRO", "BBMB", "GANGUWAL  HPS", "77.65", "34", "36.01"],
        ["REG1", "Mar-17", "NORTHERN", "RAJASTHAN", "CENTRAL", "THERMAL", "NATURAL GAS", "NTPC Ltd.", "ANTA CCPP", "419.33", "97", "80.89"],
        ["REG2", "Mar-17", "WESTERN", "MADHYA PRADESH", "CENTRAL", "HYDRO", "HYDRO", "NHDC", "INDIRA SAGAR  HPS", "1000", "190", "163.57"],
        ["REG3", "Mar-17", "SOUTHERN", "TAMIL NADU", "STATE", "HYDRO", "HYDRO", "TNGDCL", "METTUR DAM  HPS.", "50", "2", "0.5"],
        ["REG3", "Mar-17", "SOUTHERN", "KARNATAKA", "STATE", "HYDRO", "HYDRO", "KPCL", "MUNIRABAD  HPS", "28", "2", "0"],
        ["REG3", "Mar-17", "SOUTHERN", "TELANGANA", "STATE", "HYDRO", "HYDRO", "TSGENCO", "NAGARJUN SGR  LBC  HPS", "60", "0", "0"],
        ["REG3", "Mar-17", "SOUTHERN", "TAMIL NADU", "CENTRAL", "THERMAL", "COAL", "NLC", "NEYVELI ( EXT) TPS", "420", "282", "313.1"],
        ["REG3", "Mar-17", "SOUTHERN", "KERALA", "STATE", "HYDRO", "HYDRO", "KSEB", "PALLIVASAL  HPS.", "37.5", "18", "16.46"],
        ["REG5", "Mar-17", "NORTH EASTERN", "TRIPURA", "STATE", "THERMAL", "NATURAL GAS", "TSECL", "BARAMURA GT", "58.5", "25", "15.13"],
        ["REG2", "Mar-17", "WESTERN", "MAHARASHTRA", "STATE", "THERMAL", "COAL", "MAHAGENCO", "PARLI TPS", "1170", "100", "368.75"],
        ["REG4", "Mar-17", "EASTERN", "JHARKHAND", "CENTRAL", "THERMAL", "COAL", "PVUNL", "PATRATU TPS", "455", "68", "0"],
        ["REG2", "Mar-17", "WESTERN", "MADHYA PRADESH", "STATE", "HYDRO", "HYDRO", "MPPGCL", "PENCH  HPS", "160", "16", "11.95"],
        ["REG3", "Mar-17", "SOUTHERN", "KARNATAKA", "STATE", "THERMAL", "COAL", "KPCL", "RAICHUR TPS", "1720", "1024", "1140.72"],
        ["REG2", "Mar-17", "WESTERN", "MADHYA PRADESH", "STATE", "HYDRO", "HYDRO", "MPPGCL", "RAJGHAT  HPS", "45", "2", "0"],
        ["REG3", "Mar-17", "SOUTHERN", "TELANGANA", "STATE", "THERMAL", "COAL", "TSGENCO", "RAMAGUNDEM - B TPS", "62.5", "27", "43.24"],
        ["REG1", "Mar-17", "NORTHERN", "UTTAR PRADESH", "CENTRAL", "THERMAL", "COAL", "NTPC Ltd.", "UNCHAHAR TPS", "1550", "621", "620.28"],
        ["REG3", "Mar-17", "SOUTHERN", "ANDHRA PRADESH", "STATE", "HYDRO", "HYDRO", "APGENCO", "UPPER SILERU  HPS", "240", "57", "71.97"],
        ["REG1", "Mar-17", "NORTHERN", "HIMACHAL PRADESH", "PVT", "HYDRO", "HYDRO", "HSPCL", "SORANG HPS", "0", "NA", "0"],
        ["REG2", "Mar-17", "WESTERN", "MADHYA PRADESH", "STATE", "THERMAL", "COAL", "MPPGCL", "SANJAY GANDHI TPS", "1340", "618", "691.39"],
        ["REG3", "Mar-17", "SOUTHERN", "KARNATAKA", "PVT", "THERMAL", "COAL", "JSWEL", "TORANGALLU TPS(SBU-I)", "260", "181", "190.04"],
        ["REG3", "Mar-17", "SOUTHERN", "ANDHRA PRADESH", "PVT", "THERMAL", "COAL", "TPCIL", "PAINAMPURAM TPP", "1320", "764", "940.43"],
        ["REG4", "Mar-17", "EASTERN", "BIHAR", "CENTRAL", "THERMAL", "COAL", "BRBCL", "NABI NAGAR TPP", "250", "51", "0"],
        ["REG3", "Mar-17", "SOUTHERN", "TELANGANA", "STATE", "HYDRO", "HYDRO", "TSGENCO", "PRIYADARSHNI  JURALA  HPS", "234", "0", "0"],
        ["REG1", "Mar-17", "NORTHERN", "UTTAR PRADESH", "PVT", "THERMAL", "COAL", "BEPL", "KHAMBARKHERA TPS", "90", "28", "1.59"],
        ["REG1", "Mar-17", "NORTHERN", "JAMMU AND KASHMIR", "CENTRAL", "HYDRO", "HYDRO", "NHPC", "URI-I HPS", "480", "320", "338.92"],
        ["REG1", "Mar-17", "NORTHERN", "UTTARAKHAND", "STATE", "HYDRO", "HYDRO", "UJVNL", "CHIBRO (YAMUNA)  HPS", "240", "65", "31.65"],
        ["REG2", "Mar-17", "WESTERN", "CHHATTISGARH", "PVT", "THERMAL", "COAL", "KWPCL", "AVANTHA BHANDAR", "600", "51", "311.75"],
        ["REG3", "Mar-17", "SOUTHERN", "ANDHRA PRADESH", "STATE", "THERMAL", "COAL", "APPDCL", "DAMODARAM SANJEEVAIAH TPS", "1600", "708", "786.89"],
        ["REG3", "Mar-17", "SOUTHERN", "TAMIL NADU", "STATE", "THERMAL", "NATURAL GAS", "TNGDCL", "KUTTALAM CCPP", "100", "48", "31.39"],
        ["REG4", "Mar-17", "EASTERN", "JHARKHAND", "CENTRAL", "THERMAL", "COAL", "DVC", "BOKARO `B` TPS", "630", "177", "16.24"],
        ["REG3", "Mar-17", "SOUTHERN", "KERALA", "STATE", "THERMAL", "DIESEL", "KSEB", "BRAMHAPURAM DG", "63.96", "3", "0.04"],
        ["REG1", "Mar-17", "NORTHERN", "HIMACHAL PRADESH", "CENTRAL", "HYDRO", "HYDRO", "NHPC", "CHAMERA- I  HPS", "540", "165", "143.72"],
        ["REG1", "Mar-17", "NORTHERN", "HIMACHAL PRADESH", "CENTRAL", "HYDRO", "HYDRO", "NHPC", "CHAMERA- II  HPS", "300", "80", "60.33"],
        ["REG4", "Mar-17", "EASTERN", "WEST BENGAL", "CENTRAL", "THERMAL", "COAL", "NTPC Ltd.", "FARAKKA STPS", "2100", "1200", "1184.8"],
        ["REG1", "Mar-17", "NORTHERN", "HARYANA", "CENTRAL", "THERMAL", "NATURAL GAS", "NTPC Ltd.", "FARIDABAD CCPP", "431.59", "97", "106.67"],
        ["REG4", "Mar-17", "EASTERN", "JHARKHAND", "STATE", "HYDRO", "HYDRO", "JSEB", "SUBERNREKHA  HPS.", "130", "5", "0"],
        ["REG5", "Mar-17", "NORTH EASTERN", "ASSAM", "CENTRAL", "THERMAL", "NATURAL GAS", "NEEPCO.", "KATHALGURI CCPP", "291", "158", "130.64"],
        ["REG3", "Mar-17", "SOUTHERN", "KERALA", "STATE", "HYDRO", "HYDRO", "KSEB", "PORINGALKUTTU  HPS.", "32", "8", "4.38"],
        ["REG2", "Mar-17", "WESTERN", "CHHATTISGARH", "STATE", "THERMAL", "COAL", "CSPGCL", "DSPM TPS", "500", "329", "209.05"],
        ["REG4", "Mar-17", "EASTERN", "WEST BENGAL", "STATE", "THERMAL", "COAL", "WBPDC", "BANDEL TPS", "450", "110", "223.47"],
        ["REG4", "Mar-17", "EASTERN", "ORISSA", "PVT", "THERMAL", "COAL", "GMR ENERG", "KAMALANGA TPS", "1050", "560", "482.65"],
        ["REG2", "Mar-17", "WESTERN", "GUJARAT", "STATE", "THERMAL", "NATURAL GAS", "GSEGL", "HAZIRA CCPP EXT", "351", "0", "28.35"],
        ["REG3", "Mar-17", "SOUTHERN", "TAMIL NADU", "STATE", "HYDRO", "HYDRO", "TNGDCL", "BHAWANI BARRAGE-II HPS", "30", "1", "0.17"],
        ["REG1", "Mar-17", "NORTHERN", "HARYANA", "PVT", "THERMAL", "COAL", "JhPL(HR)", "MAHATMA GANDHI TPS", "1320", "269", "84.25"],
        ["REG1", "Mar-17", "NORTHERN", "HIMACHAL PRADESH", "STATE", "HYDRO", "HYDRO", "HPPCL", "KASHANG INTEGRATED HPS", "195", "11", "4.93"],
        ["REG3", "Mar-17", "SOUTHERN", "TAMIL NADU", "PVT", "THERMAL", "COAL", "ITPCL", "ITPCL TPP", "1200", "154", "750.92"],
        ["REG2", "Mar-17", "WESTERN", "MAHARASHTRA", "CENTRAL", "THERMAL", "COAL", "NTPC Ltd.", "SOLAPUR", "0", "NA", "0"],
        ["REG1", "Mar-17", "NORTHERN", "HIMACHAL PRADESH", "PVT", "HYDRO", "HYDRO", "IAEPL", "CHANJU-I HPS", "24", "NA", "6.39"],
        ["REG4", "Mar-17", "EASTERN", "ORISSA", "CENTRAL", "THERMAL", "COAL", "NTPC Ltd.", "TALCHER (OLD) TPS", "460", "290", "335.54"],
        ["REG2", "Mar-17", "WESTERN", "CHHATTISGARH", "STATE", "THERMAL", "COAL", "CSPGCL", "KORBA-WEST TPS", "1340", "682", "880.28"],
        ["REG2", "Mar-17", "WESTERN", "MAHARASHTRA", "STATE", "HYDRO", "HYDRO", "MAHAGENCO", "KOYNA-I  HPS", "280", "130", "56.58"],
        ["REG3", "Mar-17", "SOUTHERN", "TELANGANA", "STATE", "HYDRO", "HYDRO", "TSGENCO", "LOWER SILERU  HPS", "460", "118", "109.77"],
        ["REG3", "Mar-17", "SOUTHERN", "TAMIL NADU", "PVT", "THERMAL", "NATURAL GAS", "PENNA", "VALANTARVY CCPP", "52.8", "0", "25.98"],
        ["REG5", "Mar-17", "NORTH EASTERN", "ASSAM", "STATE", "THERMAL", "COAL", "APGPCL", "CHANDRAPUR(ASSAM) TPS", "60", "0", "0"],
        ["REG3", "Mar-17", "SOUTHERN", "ANDHRA PRADESH", "PVT", "THERMAL", "NATURAL GAS", "GAUTAMI", "GAUTAMI CCPP", "464", "0", "0"],
        ["REG1", "Mar-17", "NORTHERN", "RAJASTHAN", "STATE", "THERMAL", "COAL", "RRVUNL", "GIRAL TPS", "250", "37", "0"],
        ["REG2", "Mar-17", "WESTERN", "GUJARAT", "STATE", "THERMAL", "NATURAL GAS", "GSEGL", "HAZIRA CCPP", "156.1", "12", "0"],
        ["REG1", "Mar-17", "NORTHERN", "DELHI", "STATE", "THERMAL", "COAL", "IPGPCL", "RAJGHAT TPS", "135", "5", "0"],
        ["REG2", "Mar-17", "WESTERN", "GUJARAT", "PVT", "THERMAL", "NATURAL GAS", "GIPCL", "BARODA CCPP", "160", "17", "0"],
        ["REG3", "Mar-17", "SOUTHERN", "TAMIL NADU", "STATE", "THERMAL", "COAL", "TNGDCL", "TUTICORIN TPS", "1050", "599", "385.06"],
        ["REG2", "Mar-17", "WESTERN", "MAHARASHTRA", "PVT", "HYDRO", "HYDRO", "DLHP", "BHANDARDHARA  HPS ST-II", "34", "8", "15"],
        ["REG2", "Mar-17", "WESTERN", "GUJARAT", "PVT", "THERMAL", "NATURAL GAS", "TOR. POW. (UNOSUGEN)", "UNOSUGEN CCPP", "382.5", "0", "0"],
        ["REG1", "Mar-17", "NORTHERN", "RAJASTHAN", "PVT", "THERMAL", "COAL", "APL", "KAWAI TPS", "1320", "763", "825.76"],
        ["REG2", "Mar-17", "WESTERN", "MADHYA PRADESH", "PVT", "THERMAL", "COAL", "BLAPPL", "NIWARI TPP", "45", "10", "25.51"],
        ["REG2", "Mar-17", "WESTERN", "MAHARASHTRA", "PVT", "THERMAL", "NATURAL GAS", "TATA PCL", "TROMBAY CCPP", "180", "77", "137.96"],
        ["REG2", "Mar-17", "WESTERN", "MAHARASHTRA", "CENTRAL", "THERMAL", "NATURAL GAS", "RGPPL", "RATNAGIRI CCPP II", "740", "0", "0.26"],
        ["REG1", "Mar-17", "NORTHERN", "HARYANA", "STATE", "THERMAL", "COAL", "HPGCL", "YAMUNA NAGAR TPS", "600", "224", "202.75"],
        ["REG4", "Mar-17", "EASTERN", "WEST BENGAL", "CENTRAL", "HYDRO", "HYDRO", "NHPC", "TEESTA LOW DAM-III HPS", "132", "25", "17.04"],
        ["REG2", "Mar-17", "WESTERN", "MADHYA PRADESH", "PVT", "THERMAL", "COAL", "JHAPL", "SEIONI TPP", "600", "123", "7.83"],
        ["REG2", "Mar-17", "WESTERN", "MADHYA PRADESH", "PVT", "THERMAL", "COAL", "JPPVL", "NIGRI TPP", "1320", "410", "360.35"],
        ["REG2", "Mar-17", "WESTERN", "CHHATTISGARH", "PVT", "THERMAL", "COAL", "MCCPL", "BANDAKHAR TPP", "300", "59", "217.3"],
        ["REG2", "Mar-17", "WESTERN", "MADHYA PRADESH", "STATE", "HYDRO", "HYDRO", "MPPGCL", "BANSAGAR TONS-1  HPS", "315", "45", "100.39"],
        ["REG1", "Mar-17", "NORTHERN", "HARYANA", "CENTRAL", "THERMAL", "COAL", "APCPL", "INDIRA GANDHI STPP", "1500", "570", "534.6"],
        ["REG4", "Mar-17", "EASTERN", "WEST BENGAL", "CENTRAL", "THERMAL", "COAL", "DVC", "RAGHUNATHPUR TPP", "1200", "94", "191.73"],
        ["REG2", "Mar-17", "WESTERN", "MAHARASHTRA", "PVT", "HYDRO", "HYDRO", "TATA MAH.", "BHIRA PSS  HPS", "150", "0", "41.72"],
        ["REG4", "Mar-17", "EASTERN", "WEST BENGAL", "PVT", "THERMAL", "COAL", "HEL", "HALDIA TPP", "600", "314", "318.59"],
        ["REG4", "Mar-17", "EASTERN", "ORISSA", "PVT", "THERMAL", "COAL", "SEL", "STERLITE TPP", "1200", "661", "344.11"],
        ["REG3", "Mar-17", "SOUTHERN", "ANDHRA PRADESH", "PVT", "THERMAL", "COAL", "SEPL", "SIMHAPURI TPS", "600", "365", "44.93"],
        ["REG2", "Mar-17", "WESTERN", "MAHARASHTRA", "PVT", "THERMAL", "COAL", "VIP", "BUTIBORI TPP", "600", "334", "317.68"],
        ["REG4", "Mar-17", "EASTERN", "JHARKHAND", "CENTRAL", "THERMAL", "COAL", "DVC", "BOKARO TPS `A` EXP", "500", "112", "208"],
        ["REG2", "Mar-17", "WESTERN", "MAHARASHTRA", "STATE", "HYDRO", "HYDRO", "MAHAGENCO", "BHIRA TAIL RACE  HPS", "80", "4", "6.33"],
        ["REG2", "Mar-17", "WESTERN", "MAHARASHTRA", "STATE", "THERMAL", "COAL", "MAHAGENCO", "CHANDRAPUR(MAHARASHTRA) STPS", "2920", "1477", "1298.66"],
        ["REG3", "Mar-17", "SOUTHERN", "TAMIL NADU", "STATE", "THERMAL", "COAL", "TNGDCL", "ENNORE TPS", "340", "34", "0"],
        ["REG2", "Mar-17", "WESTERN", "MAHARASHTRA", "STATE", "HYDRO", "HYDRO", "MAHAGENCO", "KOYNA-IV  HPS", "1000", "179", "119.38"],
        ["REG3", "Mar-17", "SOUTHERN", "KARNATAKA", "STATE", "HYDRO", "HYDRO", "KPCL", "KALINADI SUPA  HPS", "100", "58", "55.4"],
        ["REG2", "Mar-17", "WESTERN", "MAHARASHTRA", "STATE", "HYDRO", "HYDRO", "MAHAGENCO", "KOYNA-II  HPS", "320", "NA", "56.58"],
        ["REG4", "Mar-17", "EASTERN", "WEST BENGAL", "CENTRAL", "THERMAL", "COAL", "DVC", "MEJIA TPS", "2340", "1129", "1256.57"],
        ["REG3", "Mar-17", "SOUTHERN", "TAMIL NADU", "PVT", "THERMAL", "NATURAL GAS", "ABAN POWR", "KARUPPUR CCPP", "119.8", "45", "36.35"],
        ["REG1", "Mar-17", "NORTHERN", "JAMMU AND KASHMIR", "CENTRAL", "HYDRO", "HYDRO", "NHPC", "SEWA-II  HPS", "120", "86", "72.68"],
        ["REG2", "Mar-17", "WESTERN", "GUJARAT", "STATE", "THERMAL", "COAL", "GSECL", "KUTCH LIG. TPS", "290", "156", "132.11"],
        ["REG1", "Mar-17", "NORTHERN", "UTTAR PRADESH", "PVT", "THERMAL", "COAL", "BEPL", "MAQSOODPUR TPS", "90", "30", "1.58"],
        ["REG2", "Mar-17", "WESTERN", "CHHATTISGARH", "PVT", "THERMAL", "COAL", "ACB", "KASAIPALLI TPP", "270", "170", "124.53"],
        ["REG2", "Mar-17", "WESTERN", "GUJARAT", "PVT", "THERMAL", "COAL", "EPGL", "SALAYA TPP", "1200", "456", "154.87"],
        ["REG2", "Mar-17", "WESTERN", "MADHYA PRADESH", "CENTRAL", "THERMAL", "COAL", "NTPC Ltd.", "GADARWARA TPP", "0", "NA", "0"],
        ["REG1", "Mar-17", "NORTHERN", "PUNJAB", "STATE", "HYDRO", "HYDRO", "PSPCL", "SHANAN  HPS", "110", "24", "26.34"],
        ["REG3", "Mar-17", "SOUTHERN", "KARNATAKA", "STATE", "HYDRO", "HYDRO", "KPCL", "SHARAVATHI  HPS", "1035", "452", "518.88"],
        ["REG1", "Mar-17", "NORTHERN", "UTTARAKHAND", "CENTRAL", "HYDRO", "HYDRO", "NHPC", "TANAKPUR  HPS", "94.2", "18", "16.27"],
        ["REG5", "Mar-17", "NORTH EASTERN", "MEGHALAYA", "CENTRAL", "HYDRO", "HYDRO", "NEEPCO.", "KHONDONG  HPS.", "50", "4", "4.34"],
        ["REG2", "Mar-17", "WESTERN", "MAHARASHTRA", "PVT", "HYDRO", "HYDRO", "TATA MAH.", "KHOPOLI  HPS", "72", "20", "24.27"],
        ["REG2", "Mar-17", "WESTERN", "CHHATTISGARH", "STATE", "THERMAL", "COAL", "CSPGCL", "KORBA-III", "240", "125", "105.23"],
        ["REG3", "Mar-17", "SOUTHERN", "TAMIL NADU", "CENTRAL", "NUCLEAR", "NUCLEAR", "NPCIL", "MADRAS  A.P.S.", "440", "273", "251.29"],
        ["REG3", "Mar-17", "SOUTHERN", "TAMIL NADU", "STATE", "THERMAL", "NATURAL GAS", "TNGDCL", "VALUTHUR CCPP", "186.2", "68", "102.89"],
        ["REG3", "Mar-17", "SOUTHERN", "ANDHRA PRADESH", "PVT", "THERMAL", "NATURAL GAS", "VEMAGIRI", "VEMAGIRI CCPP", "370", "0", "0"],
        ["REG2", "Mar-17", "WESTERN", "GUJARAT", "STATE", "THERMAL", "COAL", "GSECL", "GANDHI NAGAR TPS", "630", "204", "202.62"],
        ["REG3", "Mar-17", "SOUTHERN", "KARNATAKA", "STATE", "HYDRO", "HYDRO", "KPCL", "GHAT PRABHA  HPS", "32", "3", "0"],
        ["REG2", "Mar-17", "WESTERN", "CHHATTISGARH", "STATE", "HYDRO", "HYDRO", "CSPGCL", "HASDEOBANGO  HPS", "120", "10", "2.24"],
        ["REG1", "Mar-17", "NORTHERN", "UTTAR PRADESH", "CENTRAL", "NUCLEAR", "NUCLEAR", "NPCIL", "NARORA  A.P.S.", "440", "278", "331.09"],
        ["REG4", "Mar-17", "EASTERN", "ORISSA", "PVT", "THERMAL", "COAL", "NALCO", "NALCO IMP", "0", "21", "29"],
        ["REG2", "Mar-17", "WESTERN", "MADHYA PRADESH", "CENTRAL", "HYDRO", "HYDRO", "NHDC", "OMKARESHWAR  HPS", "520", "84", "76.55"],
        ["REG3", "Mar-17", "SOUTHERN", "TAMIL NADU", "STATE", "HYDRO", "HYDRO", "TNGDCL", "PERIYAR  HPS.", "161", "6", "0"],
        ["REG3", "Mar-17", "SOUTHERN", "TAMIL NADU", "STATE", "HYDRO", "HYDRO", "TNGDCL", "PYKARA  HPS.", "59.2", "6", "0"],
        ["REG5", "Mar-17", "NORTH EASTERN", "ARUNACHAL PRADESH", "CENTRAL", "HYDRO", "HYDRO", "NEEPCO.", "RANGANADI  HPS.", "405", "48", "47.81"],
        ["REG2", "Mar-17", "WESTERN", "MAHARASHTRA", "CENTRAL", "THERMAL", "NATURAL GAS", "RGPPL", "RATNAGIRI CCPP III", "740", "255", "402.22"],
        ["REG1", "Mar-17", "NORTHERN", "UTTAR PRADESH", "CENTRAL", "THERMAL", "COAL", "NTPC Ltd.", "RIHAND STPS", "3000", "1857", "2075.47"],
        ["REG2", "Mar-17", "WESTERN", "MADHYA PRADESH", "STATE", "THERMAL", "COAL", "MPPGCL", "SHRI SINGHAJI TPP", "1200", "581", "99.15"],
        ["REG2", "Mar-17", "WESTERN", "MADHYA PRADESH", "PVT", "THERMAL", "COAL", "SPL", "SASAN UMTPP", "3960", "2790", "2567.94"],
        ["REG1", "Mar-17", "NORTHERN", "DELHI", "CENTRAL", "THERMAL", "COAL", "NTPC Ltd.", "BADARPUR TPS", "705", "90", "1.7"],
        ["REG2", "Mar-17", "WESTERN", "MAHARASHTRA", "STATE", "THERMAL", "NATURAL GAS", "MAHAGENCO", "URAN CCPP", "672", "211", "319.1"],
        ["REG1", "Mar-17", "NORTHERN", "RAJASTHAN", "CENTRAL", "THERMAL", "COAL", "NLC", "BARSINGSAR LIGNITE", "250", "150", "156.05"],
        ["REG2", "Mar-17", "WESTERN", "GUJARAT", "STATE", "THERMAL", "NATURAL GAS", "GPPCL", "PIPAVAV CCPP", "702", "0", "0"],
        ["REG2", "Mar-17", "WESTERN", "CHHATTISGARH", "PVT", "THERMAL", "COAL", "JPL", "TAMNAR TPP", "2400", "374", "445.18"],
        ["REG5", "Mar-17", "NORTH EASTERN", "MEGHALAYA", "STATE", "HYDRO", "HYDRO", "MeECL", "NEW UMTRU HPS", "0", "6", "0"],
        ["REG1", "Mar-17", "NORTHERN", "PUNJAB", "PVT", "THERMAL", "COAL", "TSPL", "TALWANDI SABO TPP", "1980", "633", "476.78"],
        ["REG3", "Mar-17", "SOUTHERN", "TAMIL NADU", "STATE", "HYDRO", "HYDRO", "TNGDCL", "KODAYAR  HPS.", "100", "16", "16.33"],
        ["REG3", "Mar-17", "SOUTHERN", "KARNATAKA", "STATE", "HYDRO", "HYDRO", "KPCL", "BHADRA  HPS", "39.2", "6", "2.74"],
        ["REG1", "Mar-17", "NORTHERN", "JAMMU AND KASHMIR", "CENTRAL", "HYDRO", "HYDRO", "NHPC", "URI-II HPS", "240", "155", "176.61"],
        ["REG1", "Mar-17", "NORTHERN", "HIMACHAL PRADESH", "STATE", "HYDRO", "HYDRO", "HPSEB", "UHL-III HPS", "0", "NA", "0"],
        ["REG2", "Mar-17", "WESTERN", "MAHARASHTRA", "PVT", "THERMAL", "COAL", "WPCL", "WARDHA WARORA TPP", "540", "184", "90.74"],
        ["REG1", "Mar-17", "NORTHERN", "JAMMU AND KASHMIR", "STATE", "HYDRO", "HYDRO", "JKSPDC", "LOWER JHELUM  HPS", "105", "70", "66.18"],
        ["REG3", "Mar-17", "SOUTHERN", "KERALA", "STATE", "HYDRO", "HYDRO", "KSEB", "IDUKKI  HPS.", "780", "265", "153.05"],
        ["REG1", "Mar-17", "NORTHERN", "HIMACHAL PRADESH", "PVT", "HYDRO", "HYDRO", "HBPCL", "KARCHAM WANGTOO HPS", "1000", "130", "113.43"],
        ["REG2", "Mar-17", "WESTERN", "CHHATTISGARH", "STATE", "THERMAL", "COAL", "CSPGCL", "MARWA TPS", "1000", "0", "422.05"],
        ["REG1", "Mar-17", "NORTHERN", "HIMACHAL PRADESH", "CENTRAL", "HYDRO", "HYDRO", "NTPC Ltd.", "KOLDAM HPS", "800", "95", "82.66"],
        ["REG2", "Mar-17", "WESTERN", "GUJARAT", "STATE", "THERMAL", "COAL", "BECL", "BHAVNAGAR CFBC TPP", "500", "90", "3.25"],
        ["REG4", "Mar-17", "EASTERN", "WEST BENGAL", "PVT", "THERMAL", "COAL", "CESC", "BUDGE BUDGE TPS", "750", "501", "490.55"],
        ["REG1", "Mar-17", "NORTHERN", "PUNJAB", "CENTRAL", "HYDRO", "HYDRO", "BBMB", "DEHAR H P S", "990", "158", "143"],
        ["REG1", "Mar-17", "NORTHERN", "UTTARAKHAND", "CENTRAL", "HYDRO", "HYDRO", "NHPC", "DHAULI GANGA  HPS", "280", "33", "30.38"],
        ["REG1", "Mar-17", "NORTHERN", "RAJASTHAN", "STATE", "THERMAL", "NATURAL GAS", "RRVUNL", "DHOLPUR CCPP", "330", "32", "0"],
        ["REG4", "Mar-17", "EASTERN", "ANDAMAN NICOBAR", "STATE", "THERMAL", "DIESEL", "A&N ADM", "AND. NICOBAR DG", "40.05", "13", "21.2"],
        ["REG2", "Mar-17", "WESTERN", "GUJARAT", "STATE", "THERMAL", "NATURAL GAS", "GSECL", "DHUVARAN CCPP", "594.72", "10", "45.26"],
        ["REG3", "Mar-17", "SOUTHERN", "TAMIL NADU", "CENTRAL", "THERMAL", "COAL", "NLC", "NEYVELI TPS-II EXP", "500", "304", "76.28"],
        ["REG1", "Mar-17", "NORTHERN", "HIMACHAL PRADESH", "PVT", "HYDRO", "HYDRO", "E.P.P.L.", "MALANA-II  HPS", "100", "8", "7.69"],
        ["REG3", "Mar-17", "SOUTHERN", "KARNATAKA", "CENTRAL", "NUCLEAR", "NUCLEAR", "NPCIL", "KAIGA", "880", "556", "571.67"],
        ["REG3", "Mar-17", "SOUTHERN", "PUDUCHERRY", "STATE", "THERMAL", "NATURAL GAS", "P&ED, Pudu.", "KARAIKAL CCPP", "32.5", "21", "21.65"],
        ["REG4", "Mar-17", "EASTERN", "WEST BENGAL", "STATE", "THERMAL", "NATURAL GAS", "WBPDC", "KASBA GT (Liq.)", "40", "0", "0"],
        ["REG3", "Mar-17", "SOUTHERN", "KERALA", "CENTRAL", "THERMAL", "NATURAL GAS", "NTPC Ltd.", "R. GANDHI CCPP (Liq.)", "359.58", "46", "0"],
        ["REG5", "Mar-17", "NORTH EASTERN", "MANIPUR", "CENTRAL", "HYDRO", "HYDRO", "NHPC", "LOKTAK  HPS.", "105", "22", "33.44"],
        ["REG1", "Mar-17", "NORTHERN", "HARYANA", "STATE", "THERMAL", "COAL", "HPGCL", "PANIPAT TPS", "920", "105", "130.49"],
        ["REG3", "Mar-17", "SOUTHERN", "KARNATAKA", "STATE", "HYDRO", "HYDRO", "KPCL", "KALINADI  HPS", "855", "226", "285.99"],
        ["REG3", "Mar-17", "SOUTHERN", "KERALA", "STATE", "HYDRO", "HYDRO", "KSEB", "SABARIGIRI  HPS.", "300", "159", "93.57"],
        ["REG1", "Mar-17", "NORTHERN", "UTTAR PRADESH", "PVT", "THERMAL", "COAL", "BEPL", "KUNDARKI TPS", "90", "32", "0"],
        ["REG2", "Mar-17", "WESTERN", "MAHARASHTRA", "PVT", "THERMAL", "COAL", "EEL", "EMCO WARORA TPS", "600", "332", "384.27"],
        ["REG1", "Mar-17", "NORTHERN", "JAMMU AND KASHMIR", "CENTRAL", "HYDRO", "HYDRO", "NHPC", "NIMMO BAZGO HPS", "45", "9", "10.67"],
        ["REG3", "Mar-17", "SOUTHERN", "ANDHRA PRADESH", "PVT", "THERMAL", "NATURAL GAS", "GVKP&IL", "JEGURUPADU PHASE II CCPP", "220", "21", "0"],
        ["REG5", "Mar-17", "NORTH EASTERN", "ARUNACHAL PRADESH", "CENTRAL", "HYDRO", "HYDRO", "NEEPCO.", "KAMENG HPS", "0", "NA", "0"],
        ["REG5", "Mar-17", "NORTH EASTERN", "MIZORAM", "CENTRAL", "HYDRO", "HYDRO", "NEEPCO.", "TUIRIAL HPS", "0", "NA", "0"],
        ["REG4", "Mar-17", "EASTERN", "WEST BENGAL", "STATE", "THERMAL", "COAL", "WBPDC", "SAGARDIGHI TPS", "1600", "286", "461.51"],
        ["REG1", "Mar-17", "NORTHERN", "HIMACHAL PRADESH", "STATE", "HYDRO", "HYDRO", "HPSEB", "SANJAY  HPS", "120", "13", "14.9"],
        ["REG3", "Mar-17", "SOUTHERN", "TAMIL NADU", "STATE", "HYDRO", "HYDRO", "TNGDCL", "SARKARPATHY  HPS.", "30", "12", "0"],
        ["REG2", "Mar-17", "WESTERN", "GUJARAT", "STATE", "THERMAL", "COAL", "GSECL", "SIKKA REP. TPS", "740", "175", "306.15"],
        ["REG1", "Mar-17", "NORTHERN", "HIMACHAL PRADESH", "CENTRAL", "HYDRO", "HYDRO", "NHPC", "BAIRA SIUL  HPS", "180", "84", "67.74"],
        ["REG2", "Mar-17", "WESTERN", "MAHARASHTRA", "CENTRAL", "THERMAL", "NATURAL GAS", "RGPPL", "RATNAGIRI CCPP I", "740", "0", "0"],
        ["REG2", "Mar-17", "WESTERN", "CHHATTISGARH", "STATE", "THERMAL", "COAL", "CSPGCL", "KORBA-II", "200", "79", "48.45"],
        ["REG5", "Mar-17", "NORTH EASTERN", "MANIPUR", "STATE", "THERMAL", "DIESEL", "ED, Manipur", "LEIMAKHONG DG", "36", "0", "0"],
        ["REG3", "Mar-17", "SOUTHERN", "ANDHRA PRADESH", "PVT", "THERMAL", "DIESEL", "LVS POWER", "LVS POWER DG", "36.8", "0", "0"],
        ["REG2", "Mar-17", "WESTERN", "MADHYA PRADESH", "STATE", "HYDRO", "HYDRO", "MPPGCL", "MADHIKHERA  HPS", "60", "6", "6.42"],
        ["REG1", "Mar-17", "NORTHERN", "HIMACHAL PRADESH", "PVT", "HYDRO", "HYDRO", "MPCL", "MALANA  HPS", "86", "10", "8.4"],
        ["REG3", "Mar-17", "SOUTHERN", "ANDHRA PRADESH", "PVT", "THERMAL", "NATURAL GAS", "APGCL", "VIJJESWARAM CCPP", "272", "59", "53.13"],
        ["REG2", "Mar-17", "WESTERN", "MADHYA PRADESH", "CENTRAL", "THERMAL", "COAL", "NTPC Ltd.", "VINDHYACHAL STPS", "4760", "2852", "3321.31"],
        ["REG3", "Mar-17", "SOUTHERN", "KARNATAKA", "STATE", "THERMAL", "DIESEL", "KPCL", "YELHANKA (DG)", "127.92", "0", "0"],
        ["REG3", "Mar-17", "SOUTHERN", "ANDHRA PRADESH", "PVT", "THERMAL", "NATURAL GAS", "SPGL", "GODAVARI CCPP", "208", "52", "90.61"],
        ["REG1", "Mar-17", "NORTHERN", "UTTAR PRADESH", "STATE", "THERMAL", "COAL", "UPRVUNL", "HARDUAGANJ TPS", "665", "257", "192.41"],
        ["REG4", "Mar-17", "EASTERN", "ORISSA", "STATE", "HYDRO", "HYDRO", "OHPC", "HIRAKUD HPS", "347.5", "51", "43.81"],
        ["REG4", "Mar-17", "EASTERN", "ORISSA", "PVT", "THERMAL", "COAL", "ICCL", "ICCL (IMFA) IMP", "0", "25", "34.35"],
        ["REG3", "Mar-17", "SOUTHERN", "KERALA", "STATE", "HYDRO", "HYDRO", "KSEB", "IDAMALAYAR  HPS.", "75", "39", "25.19"],
        ["REG1", "Mar-17", "NORTHERN", "PUNJAB", "STATE", "HYDRO", "HYDRO", "PSPCL", "MUKERIAN  HPS", "207", "82", "89.46"],
        ["REG4", "Mar-17", "EASTERN", "BIHAR", "CENTRAL", "THERMAL", "COAL", "K.B.U.N.L", "MUZAFFARPUR TPS", "610", "113", "67.15"],
        ["REG2", "Mar-17", "WESTERN", "MADHYA PRADESH", "STATE", "HYDRO", "HYDRO", "MPPGCL", "BANSAGAR TONS-III  HPS", "60", "0", "4.35"],
        ["REG3", "Mar-17", "SOUTHERN", "TAMIL NADU", "PVT", "THERMAL", "COAL", "ST-CMSECP", "NEYVELI TPS(Z)", "250", "158", "124.15"],
        ["REG4", "Mar-17", "EASTERN", "JHARKHAND", "CENTRAL", "HYDRO", "HYDRO", "DVC", "PANCHET  HPS.", "80", "2", "6.84"],
        ["REG3", "Mar-17", "SOUTHERN", "TAMIL NADU", "STATE", "HYDRO", "HYDRO", "TNGDCL", "ALIYAR  HPS.", "60", "8", "4.44"],
        ["REG4", "Mar-17", "EASTERN", "SIKKIM", "CENTRAL", "HYDRO", "HYDRO", "NHPC", "RANGIT HPS", "60", "15", "13.85"],
        ["REG5", "Mar-17", "NORTH EASTERN", "TRIPURA", "STATE", "THERMAL", "NATURAL GAS", "TSECL", "ROKHIA GT", "111", "33", "29.1"],
        ["REG3", "Mar-17", "SOUTHERN", "KARNATAKA", "STATE", "HYDRO", "HYDRO", "KPCL", "ALMATTI DPH  HPS", "290", "9", "0.38"],
        ["REG4", "Mar-17", "EASTERN", "WEST BENGAL", "STATE", "THERMAL", "COAL", "WBPDC", "BAKRESWAR TPS", "1050", "473", "667.44"],
        ["REG2", "Mar-17", "WESTERN", "CHHATTISGARH", "PVT", "THERMAL", "COAL", "TRNE", "NAWAPARA TPP", "300", "0", "93.56"],
        ["REG3", "Mar-17", "SOUTHERN", "TELANGANA", "STATE", "HYDRO", "HYDRO", "TSGENCO", "SRISAILAM LB  HPS", "900", "93", "43.61"],
        ["REG3", "Mar-17", "SOUTHERN", "ANDHRA PRADESH", "STATE", "HYDRO", "HYDRO", "APGENCO", "NAGARJUN SGR  TPD HPS", "50", "5", "4.3"],
        ["REG1", "Mar-17", "NORTHERN", "UTTARAKHAND", "CENTRAL", "HYDRO", "HYDRO", "THDC", "KOTESHWAR HPS", "400", "104", "96.04"],
        ["REG3", "Mar-17", "SOUTHERN", "TAMIL NADU", "STATE", "HYDRO", "HYDRO", "TNGDCL", "METTUR TUNNEL  HPS.", "200", "1", "0"],
        ["REG2", "Mar-17", "WESTERN", "MAHARASHTRA", "PVT", "THERMAL", "COAL", "JSWEL", "JSW RATNAGIRI TPP", "1200", "534", "526.37"],
        ["REG2", "Mar-17", "WESTERN", "CHHATTISGARH", "PVT", "THERMAL", "COAL", "SCPL", "RATIJA TPS", "100", "17", "64.25"],
        ["REG3", "Mar-17", "SOUTHERN", "TAMIL NADU", "CENTRAL", "THERMAL", "COAL", "NLC", "NEYVELI TPS- I", "600", "372", "367.64"],
        ["REG3", "Mar-17", "SOUTHERN", "TELANGANA", "STATE", "THERMAL", "COAL", "SCCL", "SINGARENI TPP", "1200", "307", "776.49"],
        ["REG2", "Mar-17", "WESTERN", "MAHARASHTRA", "STATE", "THERMAL", "COAL", "MAHAGENCO", "BHUSAWAL TPS", "1420", "740", "675.17"],
        ["REG4", "Mar-17", "EASTERN", "JHARKHAND", "CENTRAL", "THERMAL", "COAL", "DVC", "CHANDRAPURA(DVC) TPS", "760", "361", "444.8"],
        ["REG1", "Mar-17", "NORTHERN", "PUNJAB", "STATE", "HYDRO", "HYDRO", "PSPCL", "ANANDPUR SAHIB HPS", "134", "66", "40.15"],
        ["REG1", "Mar-17", "NORTHERN", "UTTAR PRADESH", "CENTRAL", "THERMAL", "NATURAL GAS", "NTPC Ltd.", "DADRI CCPP", "829.78", "190", "110.85"],
        ["REG1", "Mar-17", "NORTHERN", "UTTARAKHAND", "STATE", "HYDRO", "HYDRO", "UJVNL", "DHALIPUR  HPS", "51", "18", "4.86"],
        ["REG4", "Mar-17", "EASTERN", "WEST BENGAL", "CENTRAL", "THERMAL", "COAL", "DVC", "DURGAPUR TPS", "210", "49", "99.89"],
        ["REG1", "Mar-17", "NORTHERN", "RAJASTHAN", "STATE", "THERMAL", "COAL", "RRVUNL", "CHHABRA TPP", "1000", "432", "634.9"],
        ["REG1", "Mar-17", "NORTHERN", "HIMACHAL PRADESH", "PVT", "HYDRO", "HYDRO", "GBHPPL", "BUDHIL HPS", "70", "10", "4.78"],
        ["REG1", "Mar-17", "NORTHERN", "JAMMU AND KASHMIR", "STATE", "HYDRO", "HYDRO", "JKSPDC", "BAGLIHAR  HPS", "450", "172", "135.88"],
        ["REG3", "Mar-17", "SOUTHERN", "KERALA", "STATE", "HYDRO", "HYDRO", "KSEB", "SHOLAYAR  HPS.", "54", "27", "23.35"],
        ["REG3", "Mar-17", "SOUTHERN", "KERALA", "STATE", "HYDRO", "HYDRO", "KSEB", "SENGULAM  HPS.", "48", "11", "10.38"],
        ["REG3", "Mar-17", "SOUTHERN", "KARNATAKA", "STATE", "HYDRO", "HYDRO", "KPCL", "SIVASAMUNDRUM  HPS", "42", "18", "0.59"],
        ["REG2", "Mar-17", "WESTERN", "MAHARASHTRA", "PVT", "THERMAL", "COAL", "IEPL", "BELA TPS", "270", "0", "0"],
        ["REG2", "Mar-17", "WESTERN", "MADHYA PRADESH", "PVT", "THERMAL", "COAL", "JPPVL", "BINA TPS", "500", "212", "128.06"],
        ["REG2", "Mar-17", "WESTERN", "CHHATTISGARH", "PVT", "THERMAL", "COAL", "WPCL", "AKALTARA TPS", "1200", "494", "820.19"],
        ["REG1", "Mar-17", "NORTHERN", "HIMACHAL PRADESH", "CENTRAL", "HYDRO", "HYDRO", "NHPC", "PARBATI-III HPS", "520", "24", "15.06"],
        ["REG4", "Mar-17", "EASTERN", "WEST BENGAL", "CENTRAL", "HYDRO", "HYDRO", "NHPC", "TEESTA LOW DAM-IV HPS", "160", "14", "21.6"],
        ["REG2", "Mar-17", "WESTERN", "CHHATTISGARH", "CENTRAL", "THERMAL", "COAL", "NTPC Ltd.", "LARA TPP", "0", "0", "0"],
        ["REG2", "Mar-17", "WESTERN", "CHHATTISGARH", "PVT", "THERMAL", "COAL", "ACPL", "SINGHITARAI TPP", "0", "0", "0"],
        ["REG3", "Mar-17", "SOUTHERN", "ANDHRA PRADESH", "PVT", "THERMAL", "COAL", "SGPL", "SGPL TPP", "1320", "0", "661.6"],
        ["REG4", "Mar-17", "EASTERN", "WEST BENGAL", "PVT", "THERMAL", "COAL", "IEL", "INDIA POWER TPP (HALDIA)", "0", "0", "0"],
        ["REG4", "Mar-17", "EASTERN", "BIHAR", "CENTRAL", "THERMAL", "COAL", "NPGCPL", "NEW NABI NAGAR TPP", "0", "NA", "0"],
        ["REG3", "Mar-17", "SOUTHERN", "TAMIL NADU", "PVT", "THERMAL", "DIESEL", "SAMALPATI", "SAMALPATTI DG", "105.7", "3", "0"],
        ["REG3", "Mar-17", "SOUTHERN", "ANDHRA PRADESH", "STATE", "HYDRO", "HYDRO", "APGENCO", "SRISAILAM  HPS", "770", "88", "19.39"],
        ["REG1", "Mar-17", "NORTHERN", "RAJASTHAN", "STATE", "THERMAL", "COAL", "RRVUNL", "SURATGARH TPS", "1500", "403", "167.1"],
        ["REG3", "Mar-17", "SOUTHERN", "KARNATAKA", "STATE", "HYDRO", "HYDRO", "KPCL", "KODASALI  HPS", "120", "26", "29.97"],
        ["REG4", "Mar-17", "EASTERN", "WEST BENGAL", "STATE", "THERMAL", "COAL", "WBPDC", "KOLAGHAT TPS", "1260", "434", "359.76"],
        ["REG2", "Mar-17", "WESTERN", "MAHARASHTRA", "STATE", "THERMAL", "COAL", "MAHAGENCO", "KORADI TPS", "2600", "941", "734.8"],
        ["REG2", "Mar-17", "WESTERN", "CHHATTISGARH", "CENTRAL", "THERMAL", "COAL", "NTPC Ltd.", "KORBA STPS", "2600", "1719", "1882.53"],
        ["REG3", "Mar-17", "SOUTHERN", "TAMIL NADU", "STATE", "HYDRO", "HYDRO", "TNGDCL", "KUNDAH  HPS.", "555", "108", "59.21"],
        ["REG3", "Mar-17", "SOUTHERN", "KERALA", "STATE", "HYDRO", "HYDRO", "KSEB", "KUTTIYADI  HPS.", "125", "48", "48.93"],
        ["REG1", "Mar-17", "NORTHERN", "HIMACHAL PRADESH", "STATE", "HYDRO", "HYDRO", "HPSEB", "LARJI  HPS", "126", "25", "27.28"],
        ["REG3", "Mar-17", "SOUTHERN", "TAMIL NADU", "STATE", "HYDRO", "HYDRO", "TNGDCL", "BHAWANI KATTAL HPS", "30", "1", "0"],
        ["REG2", "Mar-17", "WESTERN", "GUJARAT", "CENTRAL", "THERMAL", "NATURAL GAS", "NTPC Ltd.", "GANDHAR CCPP", "657.39", "127", "288.48"],
        ["REG3", "Mar-17", "SOUTHERN", "KARNATAKA", "STATE", "HYDRO", "HYDRO", "KPCL", "GERUSUPPA  HPS", "240", "48", "48.41"],
        ["REG1", "Mar-17", "NORTHERN", "PUNJAB", "STATE", "THERMAL", "COAL", "PSPCL", "GH TPS (LEH.MOH.)", "920", "193", "44.34"],
        ["REG1", "Mar-17", "NORTHERN", "HIMACHAL PRADESH", "STATE", "HYDRO", "HYDRO", "HPSEB", "GIRI BATA HPS", "60", "7", "6.45"],
        ["REG1", "Mar-17", "NORTHERN", "DELHI", "STATE", "THERMAL", "NATURAL GAS", "IPGPCL", "I.P.CCPP", "270", "49", "56.93"],
        ["REG1", "Mar-17", "NORTHERN", "RAJASTHAN", "STATE", "HYDRO", "HYDRO", "RRVUNL", "JAWAHAR SAGAR  HPS", "99", "30", "28.95"],
        ["REG3", "Mar-17", "SOUTHERN", "TAMIL NADU", "STATE", "THERMAL", "COAL", "TNGDCL", "METTUR TPS", "1440", "868", "948.48"],
        ["REG3", "Mar-17", "SOUTHERN", "TAMIL NADU", "CENTRAL", "THERMAL", "COAL", "NLC", "NEYVELI TPS-II", "1470", "936", "1047.03"],
        ["REG2", "Mar-17", "WESTERN", "MADHYA PRADESH", "STATE", "HYDRO", "HYDRO", "MPPGCL", "BANSAGAR TONS-II  HPS", "30", "4", "10.45"],
        ["REG3", "Mar-17", "SOUTHERN", "TAMIL NADU", "STATE", "HYDRO", "HYDRO", "TNGDCL", "PAPANASAM  HPS.", "32", "0", "2.94"],
        ["REG1", "Mar-17", "NORTHERN", "RAJASTHAN", "STATE", "THERMAL", "NATURAL GAS", "RRVUNL", "RAMGARH CCPP", "273.8", "122", "138.81"],
        ["REG1", "Mar-17", "NORTHERN", "PUNJAB", "STATE", "HYDRO", "HYDRO", "PSPCL", "RANJIT SAGAR  HPS", "600", "150", "61.22"],
        ["REG2", "Mar-17", "WESTERN", "GOA", "PVT", "THERMAL", "NATURAL GAS", "RELIANCE", "GOA CCPP (Liq.)", "48", "0", "0"],
        ["REG2", "Mar-17", "WESTERN", "GUJARAT", "PVT", "THERMAL", "COAL", "TOR. POW. (UNOSUGEN)", "SABARMATI (D-F STATIONS)", "362", "208", "230.05"],
        ["REG4", "Mar-17", "EASTERN", "SIKKIM", "STATE", "HYDRO", "HYDRO", "TUL", "TEESTA-III HPS", "1200", "205", "185"],
        ["REG2", "Mar-17", "WESTERN", "MAHARASHTRA", "PVT", "THERMAL", "COAL", "GEPL", "GEPL TPP Ph-I", "120", "0", "0"],
        ["REG1", "Mar-17", "NORTHERN", "UTTARAKHAND", "PVT", "HYDRO", "HYDRO", "AHPC (GVK)", "SRINAGAR HPS", "330", "42", "32.64"],
        ["REG4", "Mar-17", "EASTERN", "ORISSA", "PVT", "THERMAL", "COAL", "JITPL", "DERANG TPP", "1200", "468", "415.07"],
        ["REG3", "Mar-17", "SOUTHERN", "TAMIL NADU", "PVT", "THERMAL", "COAL", "CEPL", "MUTHIARA TPP", "1200", "238", "269.8"],
        ["REG4", "Mar-17", "EASTERN", "WEST BENGAL", "PVT", "THERMAL", "COAL", "CESC", "TITAGARH TPS", "240", "36", "0"],
        ["REG4", "Mar-17", "EASTERN", "WEST BENGAL", "PVT", "THERMAL", "COAL", "DPSCLTD", "CHINAKURI TPS", "30", "0", "0"],
        ["REG3", "Mar-17", "SOUTHERN", "ANDHRA PRADESH", "PVT", "THERMAL", "NATURAL GAS", "GMR ENERG", "GMR Energy Ltd - Kakinada", "220", "0", "0"],
        ["REG4", "Mar-17", "EASTERN", "SIKKIM", "PVT", "HYDRO", "HYDRO", "DEPL", "JORETHANG LOOP", "96", "11", "9.76"],
        ["REG4", "Mar-17", "EASTERN", "ORISSA", "STATE", "HYDRO", "HYDRO", "OHPC", "RENGALI  HPS.", "250", "29", "20.42"],
        ["REG4", "Mar-17", "EASTERN", "JHARKHAND", "CENTRAL", "HYDRO", "HYDRO", "DVC", "MAITHON  HPS.", "63.2", "6", "5.35"],
        ["REG5", "Mar-17", "NORTH EASTERN", "MEGHALAYA", "STATE", "HYDRO", "HYDRO", "MeECL", "UMIAM HPS ST-IV", "60", "9", "3.36"],
        ["REG3", "Mar-17", "SOUTHERN", "KARNATAKA", "PVT", "THERMAL", "COAL", "UPCL", "UDUPI TPP", "1200", "726", "600.2"],
        ["REG3", "Mar-17", "SOUTHERN", "TAMIL NADU", "STATE", "HYDRO", "HYDRO", "TNGDCL", "BHAWANI BARRAGE III HPS", "30", "0", "0"],
        ["REG2", "Mar-17", "WESTERN", "MAHARASHTRA", "PVT", "HYDRO", "HYDRO", "TATA MAH.", "BHIVPURI  HPS", "75", "33", "32.01"],
        ["REG2", "Mar-17", "WESTERN", "MAHARASHTRA", "PVT", "THERMAL", "COAL", "RIL (DAHANU)", "DAHANU TPS", "500", "366", "331.47"],
        ["REG2", "Mar-17", "WESTERN", "GUJARAT", "PVT", "THERMAL", "NATURAL GAS", "ESSAR", "ESSAR CCPP", "515", "0", "0"],
        ["REG1", "Mar-17", "NORTHERN", "RAJASTHAN", "PVT", "THERMAL", "COAL", "RWPL (JSW)", "JALIPA KAPURDI TPP", "1080", "594", "453.18"],
        ["REG3", "Mar-17", "SOUTHERN", "ANDHRA PRADESH", "STATE", "THERMAL", "COAL", "APGENCO", "Dr. N.TATA RAO TPS", "1760", "1128", "1009"],
        ["REG3", "Mar-17", "SOUTHERN", "KARNATAKA", "STATE", "HYDRO", "HYDRO", "KPCL", "JOG  HPS", "139.2", "15", "22.4"],
        ["REG3", "Mar-17", "SOUTHERN", "KERALA", "STATE", "HYDRO", "HYDRO", "KSEB", "KAKKAD  HPS.", "50", "22", "13.52"],
        ["REG2", "Mar-17", "WESTERN", "GUJARAT", "STATE", "HYDRO", "HYDRO", "SSNNL", "S SAROVAR CHPH  HPS", "250", "85", "72.25"],
        ["REG2", "Mar-17", "WESTERN", "GUJARAT", "STATE", "HYDRO", "HYDRO", "SSNNL", "S SAROVAR RBPH  HPS", "1200", "122", "15.53"],
        ["REG1", "Mar-17", "NORTHERN", "JAMMU AND KASHMIR", "CENTRAL", "HYDRO", "HYDRO", "NHPC", "SALAL  HPS", "690", "238", "197.43"],
        ["REG2", "Mar-17", "WESTERN", "MAHARASHTRA", "STATE", "HYDRO", "HYDRO", "MAHAGENCO", "KOYNA DPH  HPS", "36", "15", "22.41"],
        ["REG2", "Mar-17", "WESTERN", "GUJARAT", "PVT", "THERMAL", "COAL", "TOR. POW. (UNOSUGEN)", "SABARMATI (C STATION)", "60", "0", "0"],
        ["REG3", "Mar-17", "SOUTHERN", "TELANGANA", "STATE", "THERMAL", "COAL", "TSGENCO", "KAKATIYA TPS", "1100", "613", "675.92"],
        ["REG1", "Mar-17", "NORTHERN", "JAMMU AND KASHMIR", "STATE", "HYDRO", "HYDRO", "JKSPDC", "UPPER SINDH-II HPS", "105", "11", "16.91"],
        ["REG2", "Mar-17", "WESTERN", "MADHYA PRADESH", "PVT", "HYDRO", "HYDRO", "SMHPCL", "MAHESHWAR HPS", "0", "NA", "0"],
        ["REG1", "Mar-17", "NORTHERN", "UTTAR PRADESH", "PVT", "THERMAL", "COAL", "BEPL", "UTRAULA TPS", "90", "32", "1.48"],
        ["REG2", "Mar-17", "WESTERN", "MAHARASHTRA", "PVT", "THERMAL", "COAL", "APL", "TIRORA TPS", "3300", "1651", "2170.21"],
        ["REG1", "Mar-17", "NORTHERN", "RAJASTHAN", "STATE", "THERMAL", "COAL", "RRVUNL", "KALISINDH TPS", "1200", "576", "669.25"],
        ["REG4", "Mar-17", "EASTERN", "JHARKHAND", "PVT", "THERMAL", "COAL", "CPL", "MAITRISHI USHA TPS", "0", "NA", "0"],
        ["REG1", "Mar-17", "NORTHERN", "UTTARAKHAND", "PVT", "THERMAL", "NATURAL GAS", "BIPL", "BETA CCPP", "0", "0", "0"],
        ["REG2", "Mar-17", "WESTERN", "MAHARASHTRA", "PVT", "THERMAL", "NATURAL GAS", "PGPL", "MANGAON CCPP", "388", "0", "0"],
        ["REG4", "Mar-17", "EASTERN", "ORISSA", "PVT", "THERMAL", "COAL", "LBPL", "LANCO BABANDH TPP", "0", "0", "0"],
        ["REG1", "Mar-17", "NORTHERN", "JAMMU AND KASHMIR", "CENTRAL", "HYDRO", "HYDRO", "NHPC", "KISHENGANGA HPS", "0", "76", "0"],
        ["REG2", "Mar-17", "WESTERN", "CHHATTISGARH", "PVT", "THERMAL", "COAL", "LANCO", "PATHADI STAGE II", "0", "NA", "0"],
        ["REG2", "Mar-17", "WESTERN", "MAHARASHTRA", "PVT", "THERMAL", "COAL", "LVTPL", "LANCO VIDARBHA TPP", "0", "NA", "0"]
    ]
}